"","pmid","title"
"1","37735974","NRF1 mitigates motor dysfunction and dopamine neuron degeneration in mice with Parkinson's disease by promoting GLRX m6A methylation through upregulation of METTL3 transcription"
"2","37742191","ALKBH5 modulates hematopoietic stem and progenitor cell energy metabolism through m6A modification-mediated RNA stability control"
"3","37658049","IGF2BP3 promotes the progression of colorectal cancer and mediates cetuximab resistance by stabilizing EGFR mRNA in an m6A-dependent manner"
"4","37803021","YTHDF2 facilitates aggresome formation via UPF1 in an m6A-independent manner"
"5","37663284","RNA N6-methyladenosine reader IGF2BP3 promotes acute myeloid leukemia progression by controlling stabilization of EPOR mRNA."
"6","37809459","The m6A reader YTHDC1-mediated lncRNA CTBP1-AS2 m6A modification accelerates cholangiocarcinoma progression."
"7","37812443","YTHDF2 promotes DNA damage repair by positively regulating the histone methyltransferase SETDB1 in spermatogonia."
"8","37692484","The m6A regulator KIAA1429 stabilizes RAB27B mRNA and promotes the progression of chronic myeloid leukemia and resistance to targeted therapy"
"9","37694982","N6-methyladenosine-induced METTL1 promotes tumor proliferation via CDK4."
"10","37700438","YTHDF2 promotes gallbladder cancer progression and gemcitabine resistance via m6A-dependent DAPK3 degradation"
"11","37710320","METTL3 exacerbates insulin resistance in hepatocytes by regulating m6A modification of cytochrome P450 2B6"
"12","37721438","VIRMA promotes neuron apoptosis via inducing m6A methylation of STK10 in spinal cord injury animal models."
"13","37724835","METTL3 Regulates the m6A Modification of NEK7 to Inhibit the Formation of Osteoarthritis"
"14","37733108","M6A-mediated upregulation of HOXC10 promotes human hepatocellular carcinoma development through PTEN/AKT/mTOR signaling pathway"
"15","37584615","ALKBH5-mediated RNA m6A methylation regulates the migration, invasion and proliferation of rheumatoid fibroblast-like synoviocytes."
"16","37588203","RNA m6A reader YTHDF2 facilitates precursor miR-126 maturation to promote acute myeloid leukemia progression."
"17","37588656","Alkbh5 plays indispensable roles in maintaining self-renewal of hematopoietic stem cells."
"18","37589705","A cleaved METTL3 potentiates the METTL3-WTAP interaction and breast cancer progression."
"19","37591781","Gemcitabine Inhibits the Progression of Pancreatic Cancer by Restraining the WTAP/MYC Chain in an m6A-dependent Manner."
"20","37594665","METTL14 drives growth and metastasis of non-small cell lung cancer by regulating pri-miR-93-5p maturation and TXNIP expression"
"21","37599611","Xanthine derivatives inhibit FTO in an L-ascorbic acid-dependent manner."
"22","37602313","RNA N6-methyladenosine methyltransferase WTAP promotes the differentiation of endothelial progenitor cells"
"23","37603553","Kar4, the yeast homolog of METTL14, is required for mRNA m6A methylation and meiosis"
"24","37604948","miR-33a-3p regulates METTL3-mediated AREG stability and alters EMT to inhibit pancreatic cancer invasion and metastasis."
"25","37605570","METTL3-modified lncRNA-MALAT1 regulates the molecular axis of miR-124-3p/CDK4 involved in Ewing's sarcoma"
"26","37606168","METTL3 Promotes the Growth and Invasion of Melanoma Cells by Regulating the lncRNA SNHG3/miR-330-5p Axis."
"27","37611825","eIF3i promotes colorectal cancer cell survival via augmenting PHGDH translation."
"28","37612282","ALKBH5 promotes hypopharyngeal squamous cell carcinoma apoptosis by targeting TLR2 in a YTHDF1/IGF2BP2-mediated manner."
"29","37612524","M6A-mediated-upregulation of lncRNA BLACAT3 promotes bladder cancer angiogenesis and hematogenous metastasis through YBX3 nuclear shuttling and enhancing NCF2 transcription."
"30","34132367","METTL3-mediated m6A modification of Bcl-2 mRNA promotes non-small cell lung cancer progression."
"31","33676554","METTL3-mediated m6A mRNA modification of FBXW7 suppresses lung adenocarcinoma."
"32","32566583","ALKBH5 promotes the proliferation of renal cell carcinoma by regulating AURKB expression in an m6A-dependent manner."
"33","33230473","YTHDF1 Facilitates the Progression of Hepatocellular Carcinoma by Promoting FZD5 mRNA Translation in an m6A-Dependent Manner."
"34","30648791","N6-methyladenosine demethylase FTO suppresses clear cell renal cell carcinoma through a novel FTO-PGC-1alpha signalling axis."
"35","33634966","FTO modifies the m6A level of MALAT and promotes bladder cancer progression."
"36","30659266","The m6A methyltransferase METTL3 promotes bladder cancer progression via AFF4/NF-kappaB/MYC signaling network."
"37","32110044","FTO Facilitates Lung Adenocarcinoma Cell Progression by Activating Cell Migration Through mRNA Demethylation."
"38","33980824","RNA m6A reader YTHDF2 facilitates lung adenocarcinoma cell proliferation and metastasis by targeting the AXIN1/Wnt/beta-catenin signaling."
"39","32772918","ALKBH5 suppresses malignancy of hepatocellular carcinoma via m6A-guided epigenetic inhibition of LYPD1."
"40","31735169","YTHDF2 reduction fuels inflammation and vascular abnormalization in hepatocellular carcinoma."
"41","31632576","m6A demethylase FTO promotes hepatocellular carcinoma tumorigenesis via mediating PKM2 demethylation."
"42","34503454","METTL14 promotes glomerular endothelial cell injury and diabetic nephropathy via m6A modification of alpha-klotho."
"43","34169564","ALKBH5-mediated m6A-demethylation of USP1 regulated T-cell acute lymphoblastic leukemia cell glucocorticoid resistance by Aurora B."
"44","34530048","METTL3 induces PLX4032 resistance in melanoma by promoting m6A-dependent EGFR translation."
"45","32633395","METTL14 regulates M6A methylation-modified primary miR-19a to promote cardiovascular endothelial cell proliferation and invasion."
"46","34088349","YTHDF1 promotes hepatocellular carcinoma progression via activating PI3K/AKT/mTOR signaling pathway and inducing epithelial-mesenchymal transition."
"47","31434789","The RNA demethylase FTO is required for maintenance of bone mass and functions to protect osteoblasts from genotoxic damage."
"48","37605223","m6A eraser FTO impairs gemcitabine resistance in pancreatic cancer through influencing NEDD4 mRNA stability by regulating the PTEN/PI3K/AKT pathway."
"49","33505426","YTHDF2 Inhibits Gastric Cancer Cell Growth by Regulating FOXC2 Signaling Pathway."
"50","33335426","METTL14 Overexpression Promotes Osteosarcoma Cell Apoptosis and Slows Tumor Progression via Caspase 3 Activation."
"51","34326699","Downregulation of m6A Reader YTHDC2 Promotes the Proliferation and Migration of Malignant Lung Cells via CYLD/NF-kappaB Pathway."
"52","34458141","m6A Methyltransferase METTL14-Mediated Upregulation of Cytidine Deaminase Promoting Gemcitabine Resistance in Pancreatic Cancer."
"53","34520821","VIRMA contributes to non-small cell lung cancer progression via N6-methyladenosine-dependent DAPK3 post-transcriptional modification."
"54","32655129","HDAC3-dependent transcriptional repression of FOXA2 regulates FTO/m6A/MYC signaling to contribute to the development of gastric cancer."
"55","32954854","METTL3 contributes to renal ischemia-reperfusion injury by regulating Foxd1 methylation."
"56","32802173","METTL14 aggravates endothelial inflammation and atherosclerosis by increasing FOXO1 N6-methyladeosine modifications."
"57","32914682","Enterotoxigenic Escherichia coli infection promotes enteric defensin expression via FOXO6-METTL3-m6A-GPR161 signaling axis."
"58","32719557","NADP modulates RNA m6A methylation and adipogenesis via enhancing FTO activity."
"59","33846348","Autophagy of the m6A mRNA demethylase FTO is impaired by low-level arsenic exposure to promote tumorigenesis."
"60","33515893","Triclosan-induced abnormal expression of miR-30b regulates fto-mediated m6A methylation level to cause lipid metabolism disorder in zebrafish."
"61","29795461","Epigallocatechin gallate targets FTO and inhibits adipogenesis in an mRNA m6A-YTHDF2-dependent manner."
"62","33783988","AMD1 upregulates hepatocellular carcinoma cells stemness by FTO mediated mRNA demethylation."
"63","33283713","Hsa-let-7b-5p Inhibits Proliferation of Human Leukemia THP-1 Cells via FTO/m6A/MYC Signaling Pathway."
"64","33614908","Targeting YTHDF1 effectively re-sensitizes cisplatin-resistant colon cancer cells by modulating GLS-mediated glutamine metabolism."
"65","34094960","METTL3 Promotes Esophageal Squamous Cell Carcinoma Metastasis Through Enhancing GLS2 Expression."
"66","31582403","METTL3-mediated m6A modification of HDGF mRNA promotes gastric cancer progression and has prognostic significance."
"67","33378974","N6-methyladenosine (m6A) methyltransferase WTAP accelerates the Warburg effect of gastric cancer through regulating HK2 stability."
"68","32323801","METTL14 promotes the migration and invasion of breast cancer cells by modulating N6-methyladenosine and hsa-miR-146a-5p expression."
"69","33794982","HNRNPA2B1 promotes multiple myeloma progression by increasing AKT3 expression via m6A-dependent stabilization of ILF3 mRNA."
"70","34044094","ALKBH5-modified HMGB1-STING Activation Contributes to Radiation Induced Liver Disease Via Innate Immune Response."
"71","34537760","METTL3-mediated m6A modification of KIF3C-mRNA promotes prostate cancer progression and is negatively regulated by miR-320d."
"72","32329830","m6A methyltransferase METTL3 promotes the progression of prostate cancer via m6A-modified LEF1."
"73","32116145","GR-mediated FTO transactivation induces lipid accumulation in hepatocytes via demethylation of m6A on lipogenic mRNAs."
"74","33748113","METTL3 Regulates Ossification of the Posterior Longitudinal Ligament via the lncRNA XIST/miR-302a-3p/USP8 Axis."
"75","30032148","ALKBH5 Inhibits Pancreatic Cancer Motility by Decreasing Long Non-Coding RNA KCNK15-AS1 Methylation."
"76","32766145","Reduced Expression of METTL3 Promotes Metastasis of Triple-Negative Breast Cancer by m6A Methylation-Mediated COL3A1 Up-Regulation."
"77","33380825","METTL14 Inhibits Hepatocellular Carcinoma Metastasis Through Regulating EGFR/PI3K/AKT Signaling Pathway in an m6A-Dependent Manner."
"78","34336690","METTL3 Promotes the Resistance of Glioma to Temozolomide via Increasing MGMT and ANPG in a m6A Dependent Manner."
"79","34438274","ALKBH5 promotes cadmium-induced transformation of human bronchial epithelial cells by regulating PTEN expression in an m6A-dependent manner."
"80","32145676","METTL3 Facilitates Oral Squamous Cell Carcinoma Tumorigenesis by Enhancing c-Myc Stability via YTHDF1-Mediated m6A Modification."
"81","30870073","METTL3 and ALKBH5 oppositely regulate m6A modification of TFEB mRNA, which dictates the fate of hypoxia/reoxygenation-treated cardiomyocytes."
"82","34016959","Suppression of m6A mRNA modification by DNA hypermethylated ALKBH5 aggravates the oncological behavior of KRAS mutation/LKB1 loss lung cancer."
"83","33376625","ALKBH5 Inhibited Cell Proliferation and Sensitized Bladder Cancer Cells to Cisplatin by m6A-CK2alpha-Mediated Glycolysis."
"84","31230592","METTL3 facilitates tumor progression via an m6A-IGF2BP2-dependent mechanism in colorectal carcinoma."
"85","32531187","FTO regulates ocular angiogenesis via m6A-YTHDF2-dependent mechanism."
"86","32653519","circ_KIAA1429 accelerates hepatocellular carcinoma advancement through the mechanism of m6A-YTHDF3-Zeb1."
"87","33933553","METTL3 enhances the stability of MALAT1 with the assistance of HuR via m6A modification and activates NF-kappaB to promote the malignant progression of IDH-wildtype glioma."
"88","34419065","The m6A methyltransferase METTL3 controls epithelial-mesenchymal transition, migration and invasion of breast cancer through the MALAT1/miR-26b/HMGA2 axis."
"89","30762711","RNA m6A methyltransferase METTL3 regulates invasiveness of melanoma cells by matrix metallopeptidase 2."
"90","37615536","METTL14 inhibits malignant progression of oral squamous cell carcinoma by targeting the autophagy-related gene RB1CC1 in an m6A-IGF2BP2-dependent manner"
"91","33459381","m6A deposition is regulated by PRMT1-mediated arginine methylation of METTL14 in its disordered C-terminal region."
"92","34505967","METTL3-Mediated lncRNA m6A Modification in the Osteogenic Differentiation of Human Adipose-Derived Stem Cells Induced by NEL-Like 1 Protein."
"93","31395342","MiR-4429 prevented gastric cancer progression through targeting METTL3 to inhibit m6A-caused stabilization of SEC62."
"94","33596916","Targeting SNHG3/miR-186-5p reverses the increased m6A level caused by platinum treatment through regulating METTL3 in esophageal cancer."
"95","31492150","Upregulated METTL3 promotes metastasis of colorectal Cancer via miR-1246/SPRED2/MAPK signaling pathway."
"96","33431790","Metformin exhibits antiproliferation activity in breast cancer via miR-483-3p/METTL3/m6A/p21 pathway."
"97","29315835","FTO regulates the chemo-radiotherapy resistance of cervical squamous cell carcinoma (CSCC) by targeting beta-catenin through mRNA demethylation."
"98","34301919","RBM15-mediated N6-methyladenosine modification affects COVID-19 severity by regulating the expression of multitarget genes."
"99","32509177","N6-methyladenosine methyltransferase METTL3 promotes colorectal cancer cell proliferation through enhancing MYC expression."
"100","32284755","The M6A methyltransferase METTL3 promotes the development and progression of prostate carcinoma via mediating MYC methylation."
"101","29842885","m6A demethylase FTO facilitates tumor progression in lung squamous cell carcinoma by regulating MZF1 expression."
"102","25412662","FTO-dependent demethylation of N6-methyladenosine regulates mRNA splicing and is required for adipogenesis."
"103","34169146","m6A demethylase FTO induces NELL2 expression by inhibiting E2F1 m6A modification leading to metastasis of non-small cell lung cancer."
"104","34246306","YTHDF2 facilitates UBXN1 mRNA decay by recognizing METTL3-mediated m6A modification to activate NF-kappaB and promote the malignant progression of glioma."
"105","34093712","METTL3-Mediated m6A Methylation Regulates Muscle Stem Cells and Muscle Regeneration by Notch Signaling Pathway."
"106","33882457","Methylation of microRNA-338-5p by EED promotes METTL3-mediated translation of oncogene CDCP1 in gastric cancer."
"107","34513292","FTO-mediated demethylation of GADD45B promotes myogenesis through the activation of p38 MAPK pathway."
"108","31239708","m6A methyltransferase METTL3 suppresses colorectal cancer proliferation and migration through p38/ERK pathways."
"109","32890792","microRNA-421-3p prevents inflammatory response in cerebral ischemia/reperfusion injury through targeting m6A Reader YTHDF1 to inhibit p65 mRNA translation."
"110","32429928","RNA demethylase ALKBH5 prevents pancreatic cancer progression by posttranscriptional activation of PER1 in an m6A-YTHDF2-dependent manner."
"111","33157234","DNA methylation of FTO promotes renal inflammation by enhancing m6A of PPAR-alpha in alcohol-induced kidney injury."
"112","34490238","KIAA1429 and ALKBH5 Oppositely Influence Aortic Dissection Progression via Regulating the Maturation of Pri-miR-143-3p in an m6A-Dependent Manner."
"113","33706799","Mettl14-mediated m6A modification modulates neuron apoptosis during the repair of spinal cord injury by regulating the transformation from pri-mir-375 to miR-375."
"114","35797982","METTL14 Suppresses CRC Progression via Regulating N6-Methyladenosine-Dependent Primary miR-375 Processing."
"115","34476213","The m6A Methyltransferase METTL14-Mediated N6-Methyladenosine Modification of PTEN mRNA Inhibits Tumor Growth and Metastasis in Stomach Adenocarcinoma."
"116","29384213","FTO reduces mitochondria and promotes hepatic fat accumulation through RNA demethylation."
"117","34105773","The RNA demethylase ALKBH5 promotes osteoblast differentiation by modulating Runx2 mRNA stability."
"118","33232910","The m6A reader YTHDC2 inhibits lung adenocarcinoma tumorigenesis by suppressing SLC7A11-dependent antioxidant function."
"119","34457066","RNA m6A methyltransferase METTL3 promotes colorectal cancer cell proliferation and invasion by regulating Snail expression."
"120","32552762","METTL14-mediated N6-methyladenosine modification of SOX4 mRNA inhibits tumor metastasis in colorectal cancer."
"121","30197299","Methylation of Structured RNA by the m6A Writer METTL16 Is Essential for Mouse Embryonic Development."
"122","33961858","m6A demethylase ALKBH5 suppresses proliferation and migration of enteric neural crest cells by regulating TAGLN in Hirschsprung's disease."
"123","33165191","The m6A methyltransferase METTL3 promotes LPS-induced microglia inflammation through TRAF6/NF-kappaB pathway."
"124","33791305","The m6A Reader YTHDF1 Facilitates the Tumorigenesis and Metastasis of Gastric Cancer via USP14 Translation in an m6A-Dependent Manner."
"125","31906946","m6A demethylase ALKBH5 inhibits pancreatic cancer tumorigenesis by decreasing WIF-1 RNA methylation and mediating Wnt signaling."
"126","33759344","METTL3 attenuates proliferative vitreoretinopathy and epithelial-mesenchymal transition of retinal pigment epithelial cells via wnt/beta-catenin pathway."
"127","31767846","m6A in mRNA coding regions promotes translation via the RNA helicase-containing YTHDC2."
"128","34098071","KAT1 triggers YTHDF2-mediated ITGB1 mRNA instability to alleviate the progression of diabetic retinopathy."
"129","34130310","Methyltransferase-like 3 contributes to inflammatory pain by targeting TET1 in YTHDF2-dependent manner."
"130","32106857","m6A demethylase ALKBH5 inhibits tumor growth and metastasis by reducing YTHDFs-mediated YAP expression and inhibiting miR-107/LATS2-mediated YAP activity in NSCLC."
"131","33510938","METTL3-mediated m6A modification of ZBTB4 mRNA is involved in the smoking-induced EMT in cancer of the lung."
"132","32044716","Silencing METTL3 inhibits the proliferation and invasion of osteosarcoma by regulating ATAD2."
"133","33968659","The m6A methyltransferase METTL3 regulates autophagy and sensitivity to cisplatin by targeting ATG5 in seminoma."
"134","33590832","METTL3-mediated m6A methylation negatively modulates autophagy to support porcine blastocyst development."
"135","31454538","N6-methyladenosine METTL3 promotes the breast cancer progression via targeting Bcl-2."
"136","31226160","EBV epitranscriptome reprogramming by METTL14 is critical for viral-associated tumorigenesis."
"137","34254281","N6-methyladenosine Demethylase FTO Induces the Dysfunctions of Ovarian Granulosa Cells by Upregulating Flotillin 2."
"138","28344040","m6A Demethylase ALKBH5 Maintains Tumorigenicity of Glioblastoma Stem-like Cells by Sustaining FOXM1 Expression and Cell Proliferation Program."
"139","33866220","Exposure to constant light impairs cognition with FTO inhibition and m6A-dependent TrkappaB repression in mouse hippocampus."
"140","33910046","Tumors exploit FTO-mediated regulation of glycolytic metabolism to evade immune surveillance."
"141","31806999","RNA m6A Methyltransferase METTL3 Promotes The Growth Of Prostate Cancer By Regulating Hedgehog Pathway."
"142","33648590","METTL3-mediated m6A modification regulates cell cycle progression of dental pulp stem cells."
"143","32148516","Hypoxia Promotes Vascular Smooth Muscle Cell (VSMC) Differentiation of Adipose-Derived Stem Cell (ADSC) by Regulating Mettl3 and Paracrine Factors."
"144","33456585","ALKBH5 regulates cardiomyocyte proliferation and heart regeneration by demethylating the mRNA of YTHDF1."
"145","32175271","METTL3 Promotes the Progression of Gastric Cancer via Targeting the MYC Pathway."
"146","31643040","The m6A methyltransferase METTL3 cooperates with demethylase ALKBH5 to regulate osteogenic differentiation through NF-kappaB signaling."
"147","33090698","m6A methyltransferase METTL3 promotes retinoblastoma progression via PI3K/AKT/mTOR pathway."
"148","34484859","m6A demethylase FTO suppresses pancreatic cancer tumorigenesis by demethylating PJA2 and inhibiting Wnt signaling."
"149","34462564","The m6A demethylase FTO promotes the osteogenesis of mesenchymal stem cells by downregulating PPARG."
"150","31914601","METTL3 regulates inflammatory pain by modulating m6A-dependent pri-miR-365-3p processing."
"151","29535189","Zc3h13/Flacc is required for adenosine methylation by bridging the mRNA-binding factor Rbm15/Spenito to the m6A machinery component Wtap/Fl(2)d."
"152","34496349","RNA N6-methyladenosine demethylase FTO promotes osteoporosis through demethylating Runx2 mRNA and inhibiting osteogenic differentiation."
"153","32126149","METTL3/YTHDF2 m6A axis promotes tumorigenesis by degrading SETD7 and KLF4 mRNAs in bladder cancer."
"154","29186125","Promoter-bound METTL3 maintains myeloid leukaemia by m6A-dependent translation control."
"155","32111213","METTL14 suppresses proliferation and metastasis of colorectal cancer by down-regulating oncogenic long non-coding RNA XIST."
"156","31619268","Long noncoding RNA GAS5 inhibits progression of colorectal cancer by interacting with and triggering YAP phosphorylation and degradation and is negatively regulated by the m6A reader YTHDF3."
"157","31318098","The N6-methyladenosine mRNA methylase METTL14 promotes renal ischemic reperfusion injury via suppressing YAP1."
"158","33411363","METTL3/YTHDF2 m6A axis accelerates colorectal carcinogenesis through epigenetically suppressing YPEL5."
"159","33280517","Loading MicroRNA-376c in Extracellular Vesicles Inhibits Properties of Non-Small Cell Lung Cancer Cells by Targeting YTHDF1."
"160","32064749","YTHDF1-mediated translation amplifies Wnt-driven intestinal stemness."
"161","30875984","m6A Reader YTHDF2 Regulates LPS-Induced Inflammatory Response."
"162","32267835","YTHDF2 promotes mitotic entry and is regulated by cell cycle mediators."
"163","33785413","Targeting SLC3A2 subunit of system XC- is essential for m6A reader YTHDC2 to be an endogenous ferroptosis inducer in lung adenocarcinoma."
"164","34382070","Inhibition of METTL3/m6A/miR126 promotes the migration and invasion of endometrial stromal cells in endometriosis."
"165","31564433","Bi-allelic Variants in METTL5 Cause Autosomal-Recessive Intellectual Disability and Microcephaly."
"166","34544449","RNA m6A demethylase FTO-mediated epigenetic up-regulation of LINC00022 promotes tumorigenesis in esophageal squamous cell carcinoma."
"167","25452335","Meclofenamic acid selectively inhibits FTO demethylation of m6A over ALKBH5."
"168","33926120","Small-Molecule Inhibitors of the RNA M6A Demethylases FTO Potently Support the Survival of Dopamine Neurons."
"169","28247949","NSUN2-Mediated m5C Methylation and METTL3/METTL14-Mediated m6A Methylation Cooperatively Enhance p21 Translation."
"170","34112124","A positive-feedback loop between HBx and ALKBH5 promotes hepatocellular carcinogenesis."
"171","29997116","FTO-Dependent N6-Methyladenosine Regulates Cardiac Function During Remodeling and Repair."
"172","31642031","Binding to m6A RNA promotes YTHDF2-mediated phase separation."
"173","32554504","Early-life m6A RNA demethylation by fat mass and obesity-associated protein (FTO) influences resilience or vulnerability to heat stress later in life."
"174","33544495","RNA secondary structure dependence in METTL3-METTL14 mRNA methylation is modulated by the N-terminal domain of METTL3."
"175","29982692","m6A Demethylase FTO Regulates Dopaminergic Neurotransmission Deficits Caused by Arsenite."
"176","33761320","RNA demethylation by FTO stabilizes the FOXJ1 mRNA for proper motile ciliogenesis."
"177","33932138","METTL3 mediates bone marrow mesenchymal stem cell adipogenesis to promote chemoresistance in acute myeloid leukemia."
"178","33364952","Genistein Ameliorates Renal Fibrosis Through Regulation Snail via m6A RNA Demethylase ALKBH5."
"179","32656611","Dexmedetomidine Suppressed the Biological Behavior of HK-2 Cells Treated with LPS by Down-Regulating ALKBH5."
"180","33619246","HIF-1alpha-induced expression of m6A reader YTHDF1 drives hypoxia-induced autophagy and malignancy of hepatocellular carcinoma by promoting ATG2A and ATG14 translation."
"181","34279591","Knockdown of METTL3 inhibits enterovirus 71 induced apoptosis of mouse Schwann cell through regulation of autophagy."
"182","32621798","METTL3 Promotes Tumorigenesis and Metastasis through BMI1 m6A Methylation in Oral Squamous Cell Carcinoma."
"183","30922314","RNA N6-methyladenosine demethylase FTO promotes breast tumor progression through inhibiting BNIP3."
"184","31281518","The m6A demethylase ALKBH5 controls trophoblast invasion at the maternal-fetal interface by regulating the stability of CYR61 mRNA."
"185","32365051","Overexpression of METTL3 attenuates high-glucose induced RPE cell pyroptosis by regulating miR-25-3p/PTEN/Akt signaling cascade through DGCR8."
"186","33894271","METTL3 involves the progression of osteoarthritis probably by affecting ECM degradation and regulating the inflammatory response."
"187","31996915","The m6A reader YTHDF1 promotes ovarian cancer progression via augmenting EIF3C translation."
"188","34312368","C5aR1-positive neutrophils promote breast cancer glycolysis through WTAP-dependent m6A methylation of ENO1."
"189","34075693","METTL16 promotes cell proliferation by up-regulating cyclin D1 expression in gastric cancer."
"190","32373970","METTL3 promotes the progression of nasopharyngeal carcinoma through mediating M6A modification of EZH2."
"191","32373962","Simvastatin is beneficial to lung cancer progression by inducing METTL3-induced m6A modification on EZH2 mRNA."
"192","31405565","METTL3 inhibits hepatic insulin sensitivity via N6-methyladenosine modification of Fasn mRNA and promoting fatty acid metabolism."
"193","31974865","DDX3 modulates cisplatin resistance in OSCC through ALKBH5-mediated m6A-demethylation of FOXM1 and NANOG."
"194","33428593","ALKBH5-mediated m6A demethylation of FOXM1 mRNA promotes progression of uveal melanoma."
"195","33010548","Increased m6A modification of RNA methylation related to the inhibition of demethylase FTO contributes to MEHP-induced Leydig cell injury ."
"196","34297301","ALKBH5 Promotes the Proliferation of Glioma Cells via Enhancing the mRNA Stability of G6PD."
"197","32670741","N6-Methyladenosine Demethylase FTO Contributes to Neuropathic Pain by Stabilizing G9a Expression in Primary Sensory Neurons."
"198","33314339","The m6A methyltransferase METTL14 inhibits the proliferation, migration, and invasion of gastric cancer by regulating the PI3K/AKT/mTOR signaling pathway."
"199","33125861","YTHDF3 Induces the Translation of m6A-Enriched Gene Transcripts to Promote Breast Cancer Brain Metastasis."
"200","33305825","HBXIP drives metabolic reprogramming in hepatocellular carcinoma cells via METTL3-mediated m6A modification of HIF-1alpha."
"201","33103587","FTO demethylates m6A modifications in HOXB13 mRNA and promotes endometrial cancer metastasis by activating the WNT signaling pathway."
"202","32913456","ALKBH5 regulates IGF1R expression to promote the Proliferation and Tumorigenicity of Endometrial Cancer."
"203","33637103","RBM15 facilitates laryngeal squamous cell carcinoma progression by regulating TMBIM6 stability through IGF2BP3 dependent."
"204","34467630","Degradation of WTAP blocks antiviral responses by reducing the m6A levels of IRF3 and IFNAR1 mRNA."
"205","34093789","YTHDF2 inhibit the tumorigenicity of endometrial cancer via downregulating the expression of IRS1 methylated with m6A."
"206","34277426","N6-Methyladenosine RNA Demethylase FTO Promotes Gastric Cancer Metastasis by Down-Regulating the m6A Methylation of ITGB1."
"207","31982139","The m6A methyltransferase METTL3 contributes to Transforming Growth Factor-beta-induced epithelial-mesenchymal transition of lung cancer cells through the regulation of JUNB."
"208","34560125","METTL3-mediated M6A methylation modification is involved in colistin-induced nephrotoxicity through apoptosis mediated by Keap1/Nrf2 signaling pathway."
"209","33758320","METTL3-mediated m6A methylation of SPHK2 promotes gastric cancer progression by targeting KLF2."
"210","33330653","Vascular Smooth Muscle FTO Promotes Aortic Dissecting Aneurysms via m6A Modification of Klf5."
"211","31253399","The m6A methyltransferase METTL3 promotes osteosarcoma progression by regulating the m6A level of LEF1."
"212","32913527","ALKBH5 promotes colon cancer progression by decreasing methylation of the lncRNA NEAT1."
"213","33495421","The hepatic microenvironment promotes lung adenocarcinoma cell proliferation, metastasis, and epithelial-mesenchymal transition via METTL3-mediated N6-methyladenosine modification of YAP1."
"214","30506811","Loss of m6A on FAM134B promotes adipogenesis in porcine adipocytes through m6A-YTHDF2-dependent way."
"215","32814762","WTAP promotes osteosarcoma tumorigenesis by repressing HMBOX1 expression in an m6A-dependent manner."
"216","33431791","ALKBH5 suppresses tumor progression via an m6A-dependent epigenetic silencing of pre-miR-181b-1/YAP signaling axis in osteosarcoma."
"217","34530171","Mettl3 inhibits the apoptosis and autophagy of chondrocytes in inflammation through mediating Bcl2 stability via Ythdf1-mediated m6A modification."
"218","34359836","YTHDF1 Promotes Cyclin B1 Translation through m6A Modulation and Contributes to the Poor Prognosis of Lung Adenocarcinoma with KRAS/TP53 Co-Mutation."
"219","31986407","Total Panax notoginseng saponin inhibits vascular smooth muscle cell proliferation and migration and intimal hyperplasia by regulating WTAP/p16 signals via m6A modulation."
"220","32366907","YTHDF2 promotes the liver cancer stem cell phenotype and cancer metastasis by regulating OCT4 expression via m6A RNA methylation."
"221","29033321","Regulation of m6A Transcripts by the 3' 5' RNA Helicase YTHDC2 Is Essential for a Successful Meiotic Program in the Mammalian Germline."
"222","32266107","METTL3 enhances cell adhesion through stabilizing integrin _1 mRNA via an m6A-HuR-dependent mechanism in prostatic carcinoma."
"223","30339471","MTCH2 promotes adipogenesis in intramuscular preadipocytes via an m6A-YTHDF1-dependent mechanism."
"224","33651996","FTO regulates myoblast proliferation by controlling CCND1 expression in an m6A-YTHDF2-dependent manner."
"225","30305247","FTO regulates adipogenesis by controlling cell cycle progression via m6A-YTHDF2 dependent mechanism."
"226","30865855","METTL3 inhibits BMSC adipogenic differentiation by targeting the JAK1/STAT5/C/EBPbeta pathway via an m6A-YTHDF2-dependent manner."
"227","33484966","METTL3 restrains papillary thyroid cancer progression via m6A/c-Rel/IL-8 mediated neutrophils infiltration."
"228","31959747","YTHDF2 promotes spermagonial adhesion through modulating MMPs decay via m6A/mRNA pathway."
"229","31818312","m6A mRNA methylation initiated by METTL3 directly promotes YAP translation and increases YAP activity by regulating the MALAT1-miR-1914-3p-YAP axis to induce NSCLC drug resistance and metastasis."
"230","34097350","MeCP2 promotes colorectal cancer metastasis by regulating m6A methylation via METTL14."
"231","32576970","LNC942 promoting METTL14-mediated m6A methylation in breast cancer cell proliferation and progression."
"232","33708859","MiR-4729 regulates TIE1 mRNA m6A modification and angiogenesis in hemorrhoids by targeting METTL14."
"233","33928080","Novel circGFRalpha1 Promotes Self-Renewal of Female Germline Stem Cells Mediated by m6A Writer METTL14."
"234","33849617","CLK1/SRSF5 pathway induces aberrant exon skipping of METTL14 and Cyclin L2 and promotes growth and metastasis of pancreatic cancer."
"235","34286671","miR-302a-3p suppresses melanoma cell progression via targeting METTL3."
"236","31434544","ZFP217 regulates adipogenesis by controlling mitotic clonal expansion in a METTL3-m6A dependent manner."
"237","33355622","miR-338-5p inhibits cell growth and migration via inhibition of the METTL3/m6A/c-Myc pathway in lung cancer."
"238","33548009","FTO overexpression inhibits apoptosis of hypoxia/reoxygenation-treated myocardial cells by regulating m6A modification of Mhrt."
"239","33098220","METTL3 promotes IL-1beta-induced degeneration of endplate chondrocytes by driving m6A-dependent maturation of miR-126-5p."
"240","34553450","Methyltransferase-like 3 (METTL3) attenuates cardiomyocyte apoptosis with myocardial ischemia-reperfusion (I/R) injury through miR-25-3p and miR-873-5p."
"241","33035345","METTL3 counteracts premature aging via m6A-dependent stabilization of MIS12 mRNA."
"242","29502358","METTL3 regulates alternative splicing of MyD88 upon the lipopolysaccharide-induced inflammatory response in human dental pulp cells."
"243","31637575","TNF-alpha suppresses sweat gland differentiation of MSCs by reducing FTO-mediated m6A-demethylation of Nanog mRNA."
"244","32169943","YTHDF2 destabilizes m6A-modified neural-specific RNAs to restrain differentiation in induced pluripotent stem cells."
"245","34335245","Total Flavones of Abelmoschus manihot Ameliorates Podocyte Pyroptosis and Injury in High Glucose Conditions by Targeting METTL3-Dependent m6A Modification-Mediated NLRP3-Inflammasome Activation and PTEN/PI3K/Akt Signaling."
"246","33911218","Circular RNA circZbtb20 maintains ILC3 homeostasis and function via Alkbh5-dependent m6A demethylation of Nr4a1 mRNA."
"247","33061938","The m6A Methyltransferase METTL3 Is Functionally Implicated in DLBCL Development by Regulating m6A Modification in PEDF."
"248","34375639","The m6A methyltransferase METTL3 modifies PGC-1alpha mRNA promoting mitochondrial dysfunction and oxLDL-induced inflammation in monocytes."
"249","33788967","Role of epigenetic m6A RNA methylation in vascular development: mettl3 regulates vascular development through PHLPP2/mTOR-AKT signaling."
"250","33420414","METTL3 promotes adriamycin resistance in MCF-7 breast cancer cells by accelerating pri-microRNA-221-3p maturation in a m6A-dependent manner."
"251","31228940","METTL3 promote tumor proliferation of bladder cancer by accelerating pri-miR221/222 maturation in m6A-dependent manner."
"252","34476262","METTL3 Intensifies the Progress of Oral Squamous Cell Carcinoma via Modulating the m6A Amount of PRMT5 and PD-L1."
"253","33414476","METTL14-regulated PI3K/Akt signaling pathway via PTEN affects HDAC5-mediated epithelial-mesenchymal transition of renal tubular cells in diabetic kidney disease."
"254","32939058","METTL3-mediated maturation of miR-126-5p promotes ovarian cancer progression via PTEN-mediated PI3K/Akt/mTOR pathway."
"255","33816306","YTHDF1 Aggravates the Progression of Cervical Cancer Through m6A-Mediated Up-Regulation of RANBP2."
"256","31020615","RBM15 Modulates the Function of Chromatin Remodeling Factor BAF155 Through RNA Methylation in Developing Cortex."
"257","27590511","Hypoxia-inducible factors regulate pluripotency factor expression by ZNF217- and ALKBH5-mediated modulation of RNA methylation in breast cancer cells."
"258","37619934","Intracellular Fusobacterium nucleatum infection increases METTL3-mediated m6A methylation to promote the metastasis of esophageal squamous cell carcinoma"
"259","30843071","The m6A reader YTHDF1 regulates axon guidance through translational control of Robo3.1 expression."
"260","32512975","The m6A methyltransferase METTL3 aggravates the progression of nasopharyngeal carcinoma through inducing EMT by m6A-modified Snail mRNA."
"261","29171881","RNA N6-methyladenosine methyltransferase-like 3 promotes liver cancer progression through YTHDF2-dependent posttranscriptional silencing of SOCS2."
"262","32705223","m6A methyltransferase METTL3 maintains colon cancer tumorigenicity by suppressing SOCS2 to promote cell proliferation."
"263","31369074","Acute Deletion of METTL14 in beta-cells of adult mice results in glucose intolerance."
"264","31751468","Dynamic effects of Fto in regulating the proliferation and differentiation of adult neural stem cells of mice."
"265","31827395","The m6A eraser FTO facilitates proliferation and migration of human cervical cancer cells."
"266","32426101","N6-methyladenosine demethylases Alkbh5/Fto regulate cerebral ischemia-reperfusion injury."
"267","32805088","The FTO/miR-181b-3p/ARL5B signaling pathway regulates cell migration and invasion in breast cancer."
"268","33412003","m6A-RNA Demethylase FTO Inhibitors Impair Self-Renewal in Glioblastoma Stem Cells."
"269","34350169","RNA Demethylase FTO Mediated RNA m6A Modification Is Involved in Maintaining Maternal-Fetal Interface in Spontaneous Abortion."
"270","29279410","ALKBH5-dependent m6A demethylation controls splicing and stability of long 3'-UTR mRNAs in male germ cells."
"271","33375621","The m6A RNA Demethylase ALKBH5 Promotes Radioresistance and Invasion Capability of Glioma Stem Cells."
"272","34048572","Post-translational modification of RNA m6A demethylase ALKBH5 regulates ROS-induced DNA damage response."
"273","34134995","m6A demethylase ALKBH5 controls CD4+ T cell pathogenicity and promotes autoimmunity."
"274","34301762","M6A Demethylase ALKBH5 Regulates PD-L1 Expression and Tumor Immunoenvironment in Intrahepatic Cholangiocarcinoma."
"275","34491904","m6A demethylase ALKBH5 suppression contributes to esophageal squamous cell carcinoma progression."
"276","34513291","ALKBH5-mediated m6A mRNA methylation governs human embryonic stem cell cardiac commitment."
"277","29484125","Oncogene c-Myc promotes epitranscriptome m6A reader YTHDF1 expression in colorectal cancer."
"278","31131257","YTHDF1 Regulates Tumorigenicity and Cancer Stem Cell-Like Activity in Human Colorectal Carcinoma."
"279","33011193","m6A-YTHDF1-mediated TRIM29 upregulation facilitates the stem cell-like phenotype of cisplatin-resistant ovarian cancer cells."
"280","33605073","N(6)-methyladenosine-binding protein YTHDF1 suppresses EBV replication and promotes EBV RNA decay."
"281","NO_PMID","The m6A-Binding Protein YTHDF1 Mediates Immune Evasion."
"282","28867294","The RNA m6A Reader YTHDF2 Is Essential for the Post-transcriptional Regulation of the Maternal Transcriptome and Oocyte Competence."
"283","28938096","Gamete On for m6A: YTHDF2 Exerts Essential Functions in Female Fertility."
"284","29855337","Ythdf2-mediated m6A mRNA clearance modulates neural development in mice."
"285","30065315","Suppression of m6A reader Ythdf2 promotes hematopoietic stem cell expansion."
"286","30150673","Loss of YTHDF2-mediated m6A-dependent mRNA clearance facilitates hematopoietic stem cell regeneration."
"287","33156926","The mRNA m6A reader YTHDF2 suppresses proinflammatory pathways and sustains hematopoietic stem cell function."
"288","33692441","N-methyladenosine reader YTHDF2-mediated long noncoding RNA FENDRR degradation promotes cell proliferation in endometrioid endometrial carcinoma."
"289","34160549","The RNA m6A reader YTHDF2 controls NK cell antitumor and antiviral immunity."
"290","34200988","PBRM1 Cooperates with YTHDF2 to Control HIF-1alpha Protein Translation."
"291","28106076","Cytoplasmic m6A reader YTHDF3 promotes mRNA translation."
"292","29799838","Nuclear m6A reader YTHDC1 regulates alternative polyadenylation and splicing during mouse oocyte development."
"293","33886094","Nuclear m6A reader YTHDC1 regulates the scaffold function of LINE1 RNA in mouse ESCs and early embryos."
"294","34273466","HNRNPA2B1 regulates tamoxifen- and fulvestrant-sensitivity and hallmarks of endocrine resistance in breast cancer cells."
"295","30514900","A novel m6A reader Prrc2a controls oligodendroglial specification and myelination."
"296","33087165","Activation of the KDM5A/miRNA-495/YTHDF2/m6A-MOB3B axis facilitates prostate cancer progression."
"297","31031138","Targeting the RNA m6A Reader YTHDF2 Selectively Compromises Cancer Stem Cells in Acute Myeloid Leukemia."
"298","30781903","N6-Methyladenosine Landscape of Glioma Stem-Like Cells: METTL3 Is Essential for the Expression of Actively Transcribed Genes and Sustenance of the Oncogenic Signaling."
"299","33461172","Dysregulation of USP18/FTO/PYCR1 signaling network promotes bladder cancer development and progression."
"300","31606241","The RNA m6A methyltransferase METTL3 promotes pancreatic cancer cell proliferation and invasion."
"301","31916488","METTL3-mediated m6A is required for murine oocyte maturation and maternal-to-zygotic transition."
"302","32668092","Upregulated METTL3 in nasopharyngeal carcinoma enhances the motility of cancer cells."
"303","32782536","Knockdown of m6A methyltransferase METTL3 in gastric cancer cells results in suppression of cell proliferation."
"304","33083017","A defined N6-methyladenosine (m6A) profile conferred by METTL3 regulates muscle stem cell/myoblast state transitions."
"305","33681207","Deficiency of Mettl3 in Bladder Cancer Stem Cells Inhibits Bladder Cancer Progression and Angiogenesis."
"306","33842490","Corrigendum: Deficiency of Mettl3 in Bladder Cancer Stem Cells Inhibits Bladder Cancer Progression and Angiogenesis."
"307","32783360","The 18S rRNA m6A methyltransferase METTL5 promotes mouse embryonic stem cell differentiation."
"308","26218273","The Demethylase Activity of FTO (Fat Mass and Obesity Associated Protein) Is Required for Preadipocyte Differentiation."
"309","31239444","m6A mRNA demethylase FTO regulates melanoma tumorigenicity and response to anti-PD-1 blockade."
"310","34315853","The m6A mRNA demethylase FTO in granulosa cells retards FOS-dependent ovarian aging."
"311","34288397","Conditional deficiency of m6A methyltransferase Mettl14 in substantia nigra alters dopaminergic neuron function."
"312","34329695","EBV downregulates the m6A writer WTAP in EBV-associated gastric carcinoma."
"313","31799605","The human methyltransferase ZCCHC4 catalyses N6-methyladenosine modification of 28S ribosomal RNA."
"314","31677788","ALKBH5-m6A-FOXM1 signaling axis promotes proliferation and invasion of lung adenocarcinoma cells under intermittent hypoxia."
"315","32449584","m6A demethylase ALKBH5 promotes proliferation of esophageal squamous cell carcinoma associated with poor prognosis."
"316","33023892","The RNA m6A reader YTHDF2 maintains oncogene expression and is a targetable dependency in glioblastoma stem cells."
"317","33740664","METTL3 regulates skeletal muscle specific miRNAs at both transcriptional and post-transcriptional levels."
"318","31328227","The human 18S rRNA m6A methyltransferase METTL5 is stabilized by TRMT112."
"319","33204330","YTHDF1-enhanced iron metabolism depends on TFRC m6A methylation."
"320","33150686","Silencing of METTL3 attenuates cardiac fibrosis induced by myocardial infarction via inhibiting the activation of cardiac fibroblasts."
"321","29423080","Downregulation of N6-methyladenosine binding YTHDF2 protein mediated by miR-493-3p suppresses prostate cancer by elevating N6-methyladenosine levels."
"322","34199793","Loss of WTAP Impairs Early Parthenogenetic Embryo Development."
"323","33393595","Omeprazole improves chemosensitivity of gastric cancer cells by m6A demethylase FTO-mediated activation of mTORC1 and DDIT3 upregulation."
"324","32964498","m6A RNA methyltransferases METTL3/14 regulate immune responses to anti-PD-1 therapy."
"325","32948220","YTHDF2, a protein repressed by miR-145, regulates proliferation, apoptosis, and migration in ovarian cancer cells."
"326","33563765","Exosomal Delivery of FTO Confers Gefitinib Resistance to Recipient Cells through ABCC10 Regulation in an m6A-dependent Manner."
"327","32843065","Upregulation of METTL14 mediates the elevation of PERP mRNA N6 adenosine methylation promoting the growth and metastasis of pancreatic cancer."
"328","34544413","LINC01605, regulated by the EP300-SMYD2 complex, potentiates the binding between METTL3 and SPTBN2 in colorectal cancer."
"329","33048840","HBXIP promotes gastric cancer via METTL3-mediated MYC mRNA m6A modification."
"330","32869897","METTL3 regulates m6A in endometrioid epithelial ovarian cancer independently of METTl14 and WTAP."
"331","29237556","Ubiquitination Regulates the Proteasomal Degradation and Nuclear Translocation of the Fat Mass and Obesity-Associated (FTO) Protein."
"332","33217317","Stabilization of ERK-Phosphorylated METTL3 by USP5 Increases m6A Methylation."
"333","31697949","METTL14-Dependent m6A Regulates Vascular Calcification Induced by Indoxyl Sulfate."
"334","32053707","HIV protease cleaves the antiviral m6A reader protein YTHDF3 in the viral particle."
"335","32344536","Modification of Adenosine by Mettl3 Methyltransferase in the 5'-External Transcribed Spacer of 47S Pre-rRNA Affects rRNA Maturation."
"336","33966037","WNT/beta-catenin-suppressed FTO expression increases m6A of c-Myc mRNA to promote tumor cell glycolysis and tumorigenesis."
"337","31438961","WTAP facilitates progression of hepatocellular carcinoma via m6A-HuR-dependent epigenetic silencing of ETS1."
"338","33867838","CircMETTL3, upregulated in a m6A-dependent manner, promotes breast cancer progression."
"339","33819187","WTAP promotes myocardial ischemia/reperfusion injury by increasing endoplasmic reticulum stress via regulating m6A modification of ATF4 mRNA."
"340","32266933","m6A-dependent upregulation of DRG1 by METTL3 and ELAVL1 promotes growth, migration, and colony formation in osteosarcoma."
"341","33947842","N6-methyladenosine demethylase FTO impairs hepatic ischemia-reperfusion injury via inhibiting Drp1-mediated mitochondrial fragmentation."
"342","34076991","The m6A methyltransferase METTL3 promotes the stemness and malignant progression of breast cancer by mediating m6A modification on SOX2."
"343","34164910","METTL3/N6-methyladenosine/miR-21-5p promotes obstructive renal fibrosis by regulating inflammation through SPRY1/ERK/NF-kappaB pathway activation."
"344","31365297","The N6-methyladenosine (m6A)-forming enzyme METTL3 facilitates M1 macrophage polarization through the methylation of STAT1 mRNA."
"345","34450538","Long noncoding RNA SNHG4 remits lipopolysaccharide-engendered inflammatory lung damage by inhibiting METTL3 - Mediated m6A level of STAT2 mRNA."
"346","34076564","Fat mass and obesity-associated protein (FTO) mediates signal transducer and activator of transcription 3 (STAT3)-drived resistance of breast cancer to doxorubicin."
"347","34562008","METTL3-Induced miR-222-3p Upregulation Inhibits STK4 and Promotes the Malignant Behaviors of Thyroid Carcinoma Cells."
"348","32158230","Progression of Thyroid Carcinoma Is Promoted by the m6A Methyltransferase METTL3 Through Regulating m6A Methylation on TCF1."
"349","32857912","METTL3 potentiates resistance to cisplatin through m6A modification of TFAP2C in seminoma."
"350","33555197","Tumor-Associated Macrophages Promote Oxaliplatin Resistance via METTL3-Mediated m6A of TRAF5 and Necroptosis in Colorectal Cancer."
"351","33999206","The N6-methyladenosine RNA-binding protein YTHDF1 modulates the translation of TRAF6 to mediate the intestinal immune response."
"352","33121495","YTHDF2 mediates the mRNA degradation of the tumor suppressors to induce AKT phosphorylation in N6-methyladenosine-dependent way in prostate cancer."
"353","30905413","The m6A demethylase FTO promotes the growth of lung cancer cells by regulating the m6A level of USP7 mRNA."
"354","34047466","Loss of m6A demethylase ALKBH5 promotes post-ischemic angiogenesis via post-transcriptional stabilization of WNT5A."
"355","34362795","N6-methyladenosine-mediated upregulation of WTAPP1 promotes WTAP translation and Wnt signaling to facilitate pancreatic cancer progression."
"356","33317545","Musashi-1 promotes cancer stem cell properties of glioblastoma cells via upregulation of YTHDF1."
"357","30401835","m6A facilitates hippocampus-dependent learning and memory through YTHDF1."
"358","30787270","m6A methylation controls pluripotency of porcine induced pluripotent stem cells by targeting SOCS3/JAK2/STAT3 pathway in a YTHDF1/YTHDF2-orchestrated manner."
"359","33726814","Histone lactylation drives oncogenesis by facilitating m6A reader protein YTHDF2 expression in ocular melanoma."
"360","33829656","KDM5B promotes self-renewal of hepatocellular carcinoma cells through the microRNA-448-mediated YTHDF3/ITGA6 axis."
"361","33577677","SUMOylation of YTHDF2 promotes mRNA degradation and cancer progression by increasing its binding affinity with m6A-modified mRNAs."
"362","32615088","METTL3 and N6-Methyladenosine Promote Homologous Recombination-Mediated Repair of DSBs by Modulating DNA-RNA Hybrid Accumulation."
"363","29249359","R-2HG Exhibits Anti-tumor Activity by Targeting FTO/m6A/MYC/CEBPA Signaling."
"364","33434505","R-2-hydroxyglutarate attenuates aerobic glycolysis in leukemia by targeting the FTO/m6A/PFKP/LDHB axis."
"365","32850334","m6A Reader YTHDC2 Promotes Radiotherapy Resistance of Nasopharyngeal Carcinoma via Activating IGF1R/AKT/S6 Signaling Axis."
"366","31186141","METTL3 promotes experimental osteoarthritis development by regulating inflammatory response and apoptosis in chondrocyte."
"367","31156435","METTL3/m6A/miRNA-873-5p Attenuated Oxidative Stress and Apoptosis in Colistin-Induced Kidney Injury by Modulating Keap1/Nrf2 Pathway."
"368","33879631","Circular RNA hsa_circ_0072309 promotes tumorigenesis and invasion by regulating the miR-607/FTO axis in non-small cell lung carcinoma."
"369","28333151","FTO is required for myogenesis by positively regulating mTOR-PGC-1alpha pathway-mediated mitochondria biogenesis."
"370","29290617","METTL14 Inhibits Hematopoietic Stem/Progenitor Differentiation and Promotes Leukemogenesis via mRNA m6A Modification."
"371","34266473","YTHDF2 alleviates cardiac hypertrophy via regulating Myh7 mRNA decay."
"372","32329191","RNA demethylase ALKBH5 promotes ovarian carcinogenesis in a simulated tumour microenvironment through stimulating NF-kappaB pathway."
"373","34513313","METTL3-mediated m6A mRNA modification promotes esophageal cancer initiation and progression via Notch signaling pathway."
"374","32176425","High expression of WTAP leads to poor prognosis of gastric cancer by influencing tumour-associated T lymphocyte infiltration."
"375","34430596","METTL3-induced UCK2 m6A hypermethylation promotes melanoma cancer cell metastasis via the WNT/beta-catenin pathway."
"376","28809392","Mettl3-mediated m6A regulates spermatogonial differentiation and meiosis initiation."
"377","28920958","The N6-methyladenosine (m6A)-forming enzyme METTL3 controls myeloid differentiation of normal hematopoietic and leukemia cells."
"378","29345285","The epitranscriptome m6A writer METTL3 promotes chemo- and radioresistance in pancreatic cancer cells."
"379","29879109","METTL3-mediated m6A modification is required for cerebellar development."
"380","30364964","N6-methyladenosine modification and METTL3 modulate enterovirus 71 replication."
"381","30429466","Mettl3-mediated m6A RNA methylation regulates the fate of bone marrow mesenchymal stem cells and osteoporosis."
"382","31015515","Mettl3-mediated mRNA m6A methylation promotes dendritic cell activation."
"383","31607270","METTL3-mediated N6-methyladenosine modification is critical for epithelial-mesenchymal transition and metastasis of gastric cancer."
"384","33795874","m6A-independent genome-wide METTL3 and METTL14 redistribution drives the senescence-associated secretory phenotype."
"385","33852874","A methionine-Mettl3-N6-methyladenosine axis promotes polycystic kidney disease."
"386","33961823","METTL3 regulates viral m6A RNA modification and host cell innate immune responses during SARS-CoV-2 infection."
"387","34335955","Silencing of METTL3 effectively hinders invasion and metastasis of prostate cancer cells."
"388","34428587","Loss of m6A methyltransferase METTL3 promotes heart regeneration and repair after myocardial injury."
"389","34491359","METTL3-mediated RNA m6A hypermethylation promotes tumorigenesis and GH secretion of pituitary somatotroph adenomas."
"390","34530916","METTL3-dependent MALAT1 delocalization drives c-Myc induction in thymic epithelial tumors."
"391","34535671","METTL3-mediated m6A RNA methylation promotes the anti-tumour immunity of natural killer cells."
"392","34547464","METTL3-m6A-Rubicon axis inhibits autophagy in nonalcoholic fatty liver disease."
"393","33658391","SEDT2/METTL14-mediated m6A methylation awakening contributes to hypoxia-induced pulmonary arterial hypertension in mice."
"394","34452996","METTL14 facilitates global genome repair and suppresses skin tumorigenesis."
"395","28525753","The U6 snRNA m6A Methyltransferase METTL16 Regulates SAM Synthetase Intron Retention."
"396","32217665","The rRNA m6A methyltransferase METTL5 is involved in pluripotency and developmental programs."
"397","32350990","The 18S ribosomal RNA m6A methyltransferase Mettl5 is required for normal walking behavior in Drosophila."
"398","33357433","Ribosome 18S m6A Methyltransferase METTL5 Promotes Translation Initiation and Breast Cancer Cell Growth."
"399","32518161","Loss of the RNA-binding protein Rbm15 disrupts liver maturation in zebrafish."
"400","28398475","Fat mass and obesity-associated (FTO) protein regulates adult neurogenesis."
